ID,SMILES,PriceMol,QED,Violation,tPSA,RotB,LogP,MW,HBD,HBA,MR,HvyAtm,Atoms,Rings,CAtm,HetAtm,AD_Distance,In_AD,pIC50_COX2_pred,pIC50_COX1_pred,IC50_COX2_pred_nM,IC50_COX1_pred_nM,SI_pred,QSAR_score
A97C37S,N#Cc1ccc(/C=C2\N=C(C34CC5CC(CC(C5)C3)C4)SC2=O)cc1,182.24679,0.7223,Lipinski,53.22,2,4.787480000000004,348.471,0,4,99.77200000000003,25,25,6,21,4,2.863304478210959,True,7.159719805553227,5.3554616086248545,69.22774646001508,4411.01354496658,63.717422139608665,8.9639780024816
A97C23S,N#Cc1ccc(/C=C2\N=C(Cc3ccc(Br)cc3)SC2=O)cc1,192.84692,0.7296,Lipinski,53.22,3,4.576280000000002,383.27000000000004,0,4,97.01300000000002,23,23,3,18,5,1.7179545485901424,True,6.9864765487082,5.087136129181074,103.16287844403296,8182.082813495388,79.31227721543522,8.885816968235327
A13C37S,COc1ccc(/C=C2\N=C(C34CC5CC(CC(C5)C3)C4)SC2=O)cc1,185.45702999999995,0.7237,Lipinski,38.66,3,4.924400000000005,353.487,0,4,101.60900000000004,25,25,6,21,4,2.8347759062360103,True,7.155745035402327,5.514330862234125,69.86424410883569,3059.631600572964,43.79395554336234,8.797159208570529
A60C37S,COc1ccccc1/C=C1\N=C(C23CC4CC(CC(C4)C2)C3)SC1=O,160.95002999999997,0.7237,Lipinski,38.66,3,4.924400000000004,353.48700000000014,0,4,101.60900000000004,25,25,6,21,4,2.8347759062360103,True,7.155745035402327,5.514330862234125,69.86424410883569,3059.631600572964,43.79395554336234,8.797159208570529
A97C4S,COc1ccc(Br)c(C2=N/C(=C\c3ccc(C#N)cc3)C(=O)S2)c1,285.69311,0.7186,Lipinski,62.449999999999996,3,4.390480000000003,399.2690000000001,0,5,98.963,24,24,3,18,6,1.401245718225778,True,7.042261573893165,5.348131004264474,90.7273917998314,4486.10046988434,49.445932269075506,8.736392143521856
A97C32S,COc1ccc(C2=N/C(=C\c3ccc(C#N)cc3)C(=O)S2)c(Br)c1,334.21256,0.7186,Lipinski,62.449999999999996,3,4.390480000000002,399.26900000000006,0,5,98.96300000000004,24,24,3,18,6,1.4012457182257778,True,7.042261573893165,5.348131004264474,90.7273917998314,4486.10046988434,49.445932269075506,8.736392143521856
A86C4S,COc1ccc(Br)c(C2=N/C(=C\c3ccco3)C(=O)S2)c1,245.96645,0.7695,none,51.800000000000004,3,4.111800000000002,364.2200000000001,0,5,86.51400000000001,21,21,3,15,6,1.9749234284090353,True,6.66294380098199,4.652116297468428,217.2982351152138,22278.384880632853,102.52446306717871,8.673771304495553
A48C4S,COc1ccc(Br)c(C2=N/C(=C\c3ccoc3)C(=O)S2)c1,1239.48535,0.7695,none,51.800000000000004,3,4.111800000000002,364.2200000000001,0,5,86.51400000000001,21,21,3,15,6,1.9749234284090353,True,6.66294380098199,4.652116297468428,217.2982351152138,22278.384880632853,102.52446306717871,8.673771304495553
A86C32S,COc1ccc(C2=N/C(=C\c3ccco3)C(=O)S2)c(Br)c1,294.4859,0.7695,none,51.800000000000004,3,4.111800000000002,364.22,0,5,86.51400000000001,21,21,3,15,6,1.9749234284090353,True,6.66294380098199,4.652116297468428,217.2982351152138,22278.384880632853,102.52446306717871,8.673771304495553
A48C32S,COc1ccc(C2=N/C(=C\c3ccoc3)C(=O)S2)c(Br)c1,1288.0048,0.7695,none,51.800000000000004,3,4.111800000000002,364.22,0,5,86.51400000000001,21,21,3,15,6,1.9749234284090353,True,6.66294380098199,4.652116297468428,217.2982351152138,22278.384880632853,102.52446306717871,8.673771304495553
A70C27S,O=C1SC(c2ccccn2)=N/C1=C\c1cnc2ccccc2n1,4042.791039999999,0.6792,none,68.1,2,3.0859000000000014,318.36100000000005,0,6,90.88700000000001,23,23,4,17,6,1.9740372212352784,True,6.318366987065098,3.9840922411459436,480.43320171559674,103730.80753545174,215.91098859328528,8.652641732984254
A70C39S,O=C1SC(c2cccnc2)=N/C1=C\c1cnc2ccccc2n1,4020.6310599999993,0.6792,none,68.1,2,3.0859000000000005,318.361,0,6,90.88700000000001,23,23,4,17,6,1.9740372212352786,True,6.318366987065098,3.9840922411459436,480.43320171559674,103730.80753545174,215.91098859328528,8.652641732984254
A91C14S,O=C1SC(c2ccnc3ccccc23)=N/C1=C\c1cnccn1,2259.8492399999996,0.6792,none,68.1,2,3.0859000000000014,318.361,0,6,90.887,23,23,4,17,6,1.9740372212352786,True,6.318366987065098,3.9840922411459436,480.43320171559674,103730.80753545174,215.91098859328528,8.652641732984254
A70C21S,O=C1SC(c2ccncc2)=N/C1=C\c1cnc2ccccc2n1,4020.6310599999993,0.6792,none,68.1,2,3.0859000000000005,318.36100000000005,0,6,90.88700000000001,23,23,4,17,6,1.9740372212352786,True,6.318366987065098,3.9840922411459436,480.43320171559674,103730.80753545174,215.91098859328528,8.652641732984254
A91C3S,O=C1SC(c2cnc3ccccc3c2)=N/C1=C\c1cnccn1,1655.4824499999995,0.6792,none,68.1,2,3.0859000000000014,318.36100000000005,0,6,90.88699999999999,23,23,4,17,6,1.9740372212352786,True,6.318366987065098,3.9840922411459436,480.43320171559674,103730.80753545174,215.91098859328528,8.652641732984254
A13C14S,COc1ccc(/C=C2\N=C(c3ccnc4ccccc34)SC2=O)cc1,866.01524,0.6634,Lipinski,51.550000000000004,3,4.304500000000003,346.4110000000001,0,5,101.84900000000003,25,25,4,20,5,1.591597691714031,True,6.6848859144152435,4.717300630931556,206.59227854417915,19173.41043454619,92.80797215490323,8.652471197898931
A13C3S,COc1ccc(/C=C2\N=C(c3cnc4ccccc4c3)SC2=O)cc1,261.64844999999997,0.6634,Lipinski,51.550000000000004,3,4.304500000000003,346.41100000000006,0,5,101.84900000000002,25,25,4,20,5,1.5915976917140313,True,6.6848859144152435,4.717300630931556,206.59227854417915,19173.41043454619,92.80797215490323,8.652471197898931
A60C14S,COc1ccccc1/C=C1\N=C(c2ccnc3ccccc23)SC1=O,841.50824,0.6634,Lipinski,51.550000000000004,3,4.304500000000002,346.41100000000006,0,5,101.84900000000002,25,25,4,20,5,1.5915976917140313,True,6.6848859144152435,4.717300630931556,206.59227854417915,19173.41043454619,92.80797215490323,8.652471197898931
A60C3S,COc1ccccc1/C=C1\N=C(c2cnc3ccccc3c2)SC1=O,237.14144999999996,0.6634,Lipinski,51.550000000000004,3,4.304500000000002,346.41100000000006,0,5,101.84900000000003,25,25,4,20,5,1.591597691714031,True,6.6848859144152435,4.717300630931556,206.59227854417915,19173.41043454619,92.80797215490323,8.652471197898931
A97C15S,N#Cc1ccc(/C=C2\N=C(/C=C/c3c[nH]cn3)SC2=O)cc1,660.2423599999998,0.8837,none,81.9,3,3.007580000000001,306.3500000000001,1,5,86.7887,22,22,3,16,6,1.8360856332028184,True,6.821336883002821,5.072331852427905,150.8909236500221,8465.80279314401,56.10544748721717,8.570341913577735
A97C24S,N#Cc1ccc(/C=C2\N=C(c3c(F)cccc3Br)SC2=O)cc1,293.22395,0.7124,Lipinski,53.22,2,4.5209800000000016,387.233,0,4,92.36900000000001,23,23,3,17,6,1.8407507233862204,True,6.500598966536195,4.453192258868038,315.79193433292903,35221.49136577698,111.53385358045314,8.548005674204353
A91C23S,O=C1SC(Cc2ccc(Br)cc2)=N/C1=C\c1cnccn1,1589.8911599999997,0.7866,none,55.21,3,3.494600000000002,360.23600000000005,0,5,87.888,21,21,3,15,6,1.963463325218938,True,6.475921928768871,4.550483203918735,334.25512221590543,28152.488911074965,84.22455495802522,8.401360653619008
A97C2S,Cc1ccc(C2=N/C(=C\c3ccc(C#N)cc3)C(=O)S2)c(Br)c1,220.80289999999997,0.7073,Lipinski,53.22,2,4.690300000000002,383.27000000000004,0,4,97.14800000000004,23,23,3,18,5,1.8961957158931566,True,6.734108523632091,5.0924547833062945,184.45544352894407,8082.490758147653,43.818119994270475,8.375762263957887
A18C15S,O=C1SC(/C=C/c2c[nH]cn2)=N/C1=C\c1ccc(O)cc1,654.4753199999999,0.8539,none,78.34,3,2.841500000000001,297.339,2,5,83.7385,21,21,3,15,6,2.119479782396618,True,6.747365701871955,5.13566815924035,178.90986916942862,7316.979541926216,40.89757359889966,8.35906324450356
A34C4S,COc1ccc(Br)c(C2=N/C(=C\c3ccc[nH]3)C(=O)S2)c1,385.31228,0.8433,none,54.449999999999996,3,3.8469000000000024,363.23600000000005,1,4,88.59870000000001,21,21,3,15,6,1.8550363749513845,True,6.562131428837677,4.875424796756292,274.0744625604062,13322.177116484276,48.60787463388005,8.248838060919063
A34C32S,COc1ccc(C2=N/C(=C\c3ccc[nH]3)C(=O)S2)c(Br)c1,433.83173,0.8433,none,54.449999999999996,3,3.8469000000000015,363.23600000000005,1,4,88.59870000000002,21,21,3,15,6,1.8550363749513843,True,6.562131428837677,4.875424796756292,274.0744625604062,13322.177116484276,48.60787463388005,8.248838060919063
A35C4S,COc1ccc(Br)c(C2=N/C(=C\c3ccc(C)s3)C(=O)S2)c1,259.81015,0.6963,Lipinski,38.66,3,4.888720000000003,394.3150000000001,0,5,96.86200000000001,22,22,3,16,6,1.8981231344230802,True,6.892916243630065,5.546746093058392,127.96280645282148,2839.578681163892,22.190656487444375,8.239086394201738
A35C32S,COc1ccc(C2=N/C(=C\c3ccc(C)s3)C(=O)S2)c(Br)c1,308.3296,0.6963,Lipinski,38.66,3,4.888720000000002,394.31500000000005,0,5,96.86200000000002,22,22,3,16,6,1.89812313442308,True,6.892916243630065,5.546746093058392,127.96280645282148,2839.578681163892,22.190656487444375,8.239086394201738
A97C12S,CC1=N/C(=C\c2ccc(C#N)cc2)C(=O)S1,146.42752000000002,0.6941,Ghose,53.22,1,2.590980000000001,228.27599999999998,0,4,64.84100000000002,16,16,2,12,4,3.8366190394655213,True,6.516297493559012,4.821811178777968,304.5807883574413,15072.622466016846,49.48645168101786,8.210783808340057
A75C23S,O=C1SC(Cc2ccc(Br)cc2)=N/C1=C\c1cncs1,425.71595999999994,0.7674,Lipinski,42.32,3,4.161100000000001,365.27700000000004,0,5,87.97000000000001,20,20,3,14,6,2.1807905334120226,True,6.568739305230469,4.9394895022408365,269.93592957237036,11495.040288767363,42.58432846260105,8.197989108220103
A43C23S,O=C1SC(Cc2ccc(Br)cc2)=N/C1=C\c1cscn1,1014.04916,0.7674,Lipinski,42.32,3,4.161100000000001,365.27700000000004,0,5,87.97000000000001,20,20,3,14,6,2.1807905334120226,True,6.568739305230469,4.9394895022408365,269.93592957237036,11495.040288767363,42.58432846260105,8.197989108220103
A41C23S,O=C1SC(Cc2ccc(Br)cc2)=N/C1=C\c1nccs1,305.7865,0.7674,Lipinski,42.32,3,4.161100000000001,365.27700000000004,0,5,87.97000000000001,20,20,3,14,6,2.1807905334120226,True,6.568739305230469,4.9394895022408365,269.93592957237036,11495.040288767363,42.58432846260105,8.197989108220103
A97C30S,N#Cc1ccc(/C=C2\N=C(Cc3ccc(F)cc3)SC2=O)cc1,164.83015999999998,0.804,none,53.22,3,3.952880000000002,322.36400000000003,0,4,89.27100000000002,23,23,3,18,5,1.8509260579109066,True,6.275903369759788,4.376529104873695,529.7813067757056,42021.436545935736,79.31845840632202,8.17527763464588
A7C7S,COc1ccc(C2=N/C(=C\c3c(F)cccc3F)C(=O)S2)cc1OC,207.59127999999995,0.7713,none,47.89,4,4.043100000000003,361.3690000000001,0,5,93.016,25,25,3,18,7,1.3096510197830586,True,6.5182453265764755,4.862990329092704,303.2177867567452,13709.122934191459,45.21213310348949,8.173500324060246
A73C7S,COc1ccc(C2=N/C(=C\c3cc(F)cc(F)c3)C(=O)S2)cc1OC,196.22295999999997,0.7713,none,47.89,4,4.043100000000003,361.3690000000001,0,5,93.016,25,25,3,18,7,1.3096510197830586,True,6.5182453265764755,4.862990329092704,303.2177867567452,13709.122934191459,45.21213310348949,8.173500324060246
A44C7S,COc1ccc(C2=N/C(=C\c3cc(F)ccc3F)C(=O)S2)cc1OC,214.69648,0.7713,none,47.89,4,4.043100000000003,361.3690000000001,0,5,93.016,25,25,3,18,7,1.3096510197830586,True,6.5182453265764755,4.862990329092704,303.2177867567452,13709.122934191459,45.21213310348949,8.173500324060246
A8C7S,COc1ccc(C2=N/C(=C\c3ccc(F)c(F)c3)C(=O)S2)cc1OC,263.01184,0.7713,none,47.89,4,4.043100000000003,361.3690000000001,0,5,93.016,25,25,3,18,7,1.3096510197830586,True,6.5182453265764755,4.862990329092704,303.2177867567452,13709.122934191459,45.21213310348949,8.173500324060246
A17C7S,COc1ccc(C2=N/C(=C\c3ccc(F)cc3F)C(=O)S2)cc1OC,312.74824,0.7713,none,47.89,4,4.043100000000003,361.3690000000001,0,5,93.016,25,25,3,18,7,1.3096510197830586,True,6.5182453265764755,4.862990329092704,303.2177867567452,13709.122934191459,45.21213310348949,8.173500324060246
A16C7S,COc1ccc(C2=N/C(=C\c3cccc(F)c3F)C(=O)S2)cc1OC,260.16976,0.7713,none,47.89,4,4.043100000000003,361.3690000000001,0,5,93.016,25,25,3,18,7,1.3096510197830586,True,6.5182453265764755,4.862990329092704,303.2177867567452,13709.122934191459,45.21213310348949,8.173500324060246
A78C7S,COc1ccc(C2=N/C(=C\c3ccc(C(F)(F)F)cc3)C(=O)S2)cc1OC,271.11242999999996,0.7015,Lipinski,47.89,4,4.783700000000003,393.3860000000001,0,5,98.10200000000002,27,27,3,19,8,1.1973272003521507,True,6.760882830674797,5.350038070655428,173.42718279001707,4466.444371708935,25.75400407165027,8.171727590694166
A4C7S,COc1ccc(C2=N/C(=C\c3cccc(C(F)(F)F)c3)C(=O)S2)cc1OC,206.68766,0.7015,Lipinski,47.89,4,4.783700000000003,393.38600000000014,0,5,98.10200000000002,27,27,3,19,8,1.1973272003521507,True,6.760882830674797,5.350038070655428,173.42718279001707,4466.444371708935,25.75400407165027,8.171727590694166
A49C7S,COc1ccc(C2=N/C(=C\c3ccccc3C(F)(F)F)C(=O)S2)cc1OC,239.77064999999996,0.7015,Lipinski,47.89,4,4.783700000000002,393.38600000000014,0,5,98.10200000000002,27,27,3,19,8,1.1973272003521505,True,6.760882830674797,5.350038070655428,173.42718279001707,4466.444371708935,25.75400407165027,8.171727590694166
A104C34S,Cn1cccc1C1=N/C(=C\c2cccc(-c3ccccn3)c2)C(=O)S1,6653.140960000001,0.6701,none,47.25,3,4.148200000000003,345.4270000000001,0,5,102.19800000000002,25,25,4,20,5,1.6182667708867033,True,6.317546862494396,4.468968700537222,481.34131212079114,33964.97501559394,70.56318283993569,8.16612502445157
A13C24S,COc1ccc(/C=C2\N=C(c3c(F)cccc3Br)SC2=O)cc1,296.43419,0.7138,Lipinski,38.66,3,4.657900000000002,392.2490000000001,0,4,94.20600000000002,23,23,3,17,6,1.7886808340616616,True,6.842413731826016,5.521461169393199,143.7428555536596,3009.8082661367275,20.938837304600213,8.163366294258832
A56C4S,COc1ccc(Br)c(C2=N/C(=C\c3ccc(F)cc3)C(=O)S2)c1,258.85979,0.7138,Lipinski,38.66,3,4.657900000000002,392.2490000000001,0,4,94.206,23,23,3,17,6,1.7886808340616618,True,6.842413731826016,5.521461169393199,143.7428555536596,3009.8082661367275,20.938837304600213,8.163366294258832
A46C4S,COc1ccc(Br)c(C2=N/C(=C\c3cccc(F)c3)C(=O)S2)c1,258.85979,0.7138,Lipinski,38.66,3,4.657900000000002,392.2490000000001,0,4,94.206,23,23,3,17,6,1.7886808340616618,True,6.842413731826016,5.521461169393199,143.7428555536596,3009.8082661367275,20.938837304600213,8.163366294258832
A54C4S,COc1ccc(Br)c(C2=N/C(=C\c3ccccc3F)C(=O)S2)c1,258.85979,0.7138,Lipinski,38.66,3,4.657900000000002,392.2490000000001,0,4,94.20600000000002,23,23,3,17,6,1.7886808340616616,True,6.842413731826016,5.521461169393199,143.7428555536596,3009.8082661367275,20.938837304600213,8.163366294258832
A56C32S,COc1ccc(C2=N/C(=C\c3ccc(F)cc3)C(=O)S2)c(Br)c1,307.37924,0.7138,Lipinski,38.66,3,4.657900000000002,392.249,0,4,94.20600000000003,23,23,3,17,6,1.7886808340616616,True,6.842413731826016,5.521461169393199,143.7428555536596,3009.8082661367275,20.938837304600213,8.163366294258832
A46C32S,COc1ccc(C2=N/C(=C\c3cccc(F)c3)C(=O)S2)c(Br)c1,307.37924,0.7138,Lipinski,38.66,3,4.657900000000002,392.249,0,4,94.20600000000003,23,23,3,17,6,1.7886808340616616,True,6.842413731826016,5.521461169393199,143.7428555536596,3009.8082661367275,20.938837304600213,8.163366294258832
A54C32S,COc1ccc(C2=N/C(=C\c3ccccc3F)C(=O)S2)c(Br)c1,307.37924,0.7138,Lipinski,38.66,3,4.657900000000002,392.249,0,4,94.20600000000003,23,23,3,17,6,1.7886808340616616,True,6.842413731826016,5.521461169393199,143.7428555536596,3009.8082661367275,20.938837304600213,8.163366294258832
A60C24S,COc1ccccc1/C=C1\N=C(c2c(F)cccc2Br)SC1=O,271.92719,0.7138,Lipinski,38.66,3,4.6579000000000015,392.249,0,4,94.20600000000002,23,23,3,17,6,1.7886808340616616,True,6.842413731826016,5.521461169393199,143.7428555536596,3009.8082661367275,20.938837304600213,8.163366294258832
A77C4S,COc1ccc(Br)c(C2=N/C(=C\c3ccccn3)C(=O)S2)c1,259.60783000000004,0.7637,none,51.550000000000004,3,3.913800000000003,375.24700000000007,0,5,92.04300000000002,22,22,3,16,6,1.7636833215630068,True,6.406278239645806,4.661503087299992,392.3934599529878,21802.028985678513,55.56165229739198,8.15105339199162
A47C4S,COc1ccc(Br)c(C2=N/C(=C\c3cccnc3)C(=O)S2)c1,313.16382999999996,0.7637,none,51.550000000000004,3,3.913800000000003,375.24700000000007,0,5,92.043,22,22,3,16,6,1.7636833215630068,True,6.406278239645806,4.661503087299992,392.3934599529878,21802.028985678513,55.56165229739198,8.15105339199162
A82C4S,COc1ccc(Br)c(C2=N/C(=C\c3ccncc3)C(=O)S2)c1,268.17679,0.7637,none,51.550000000000004,3,3.913800000000003,375.24700000000007,0,5,92.043,22,22,3,16,6,1.7636833215630068,True,6.406278239645806,4.661503087299992,392.3934599529878,21802.028985678513,55.56165229739198,8.15105339199162
A77C32S,COc1ccc(C2=N/C(=C\c3ccccn3)C(=O)S2)c(Br)c1,308.12728,0.7637,none,51.550000000000004,3,3.913800000000002,375.247,0,5,92.04300000000002,22,22,3,16,6,1.7636833215630068,True,6.406278239645806,4.661503087299992,392.3934599529878,21802.028985678513,55.56165229739198,8.15105339199162
A47C32S,COc1ccc(C2=N/C(=C\c3cccnc3)C(=O)S2)c(Br)c1,361.68328,0.7637,none,51.550000000000004,3,3.913800000000002,375.247,0,5,92.04300000000002,22,22,3,16,6,1.7636833215630068,True,6.406278239645806,4.661503087299992,392.3934599529878,21802.028985678513,55.56165229739198,8.15105339199162
A82C32S,COc1ccc(C2=N/C(=C\c3ccncc3)C(=O)S2)c(Br)c1,316.69624,0.7637,none,51.550000000000004,3,3.913800000000002,375.247,0,5,92.04300000000002,22,22,3,16,6,1.7636833215630068,True,6.406278239645806,4.661503087299992,392.3934599529878,21802.028985678513,55.56165229739198,8.15105339199162
A77C5S,COc1ccc(CC2=N/C(=C\c3ccccn3)C(=O)S2)cc1,144.28144,0.8127,none,51.550000000000004,4,3.3457000000000017,310.37800000000004,0,5,88.94500000000002,22,22,3,17,5,1.9148534968428423,True,6.4950272953576995,4.842045060232897,319.86940658234937,14386.49303423925,44.97614569630776,8.148009530482502
A47C5S,COc1ccc(CC2=N/C(=C\c3cccnc3)C(=O)S2)cc1,197.83744,0.8127,none,51.550000000000004,4,3.3457000000000017,310.37800000000004,0,5,88.94500000000002,22,22,3,17,5,1.9148534968428423,True,6.4950272953576995,4.842045060232897,319.86940658234937,14386.49303423925,44.97614569630776,8.148009530482502
A82C5S,COc1ccc(CC2=N/C(=C\c3ccncc3)C(=O)S2)cc1,152.85039999999998,0.8127,none,51.550000000000004,4,3.3457000000000017,310.37800000000004,0,5,88.94500000000002,22,22,3,17,5,1.9148534968428423,True,6.4950272953576995,4.842045060232897,319.86940658234937,14386.49303423925,44.97614569630776,8.148009530482502
A9C15S,Cc1cc(F)ccc1/C=C1\N=C(/C=C/c2c[nH]cn2)SC1=O,715.8390099999999,0.8811,none,58.11,3,3.583420000000002,313.3570000000001,1,4,86.76870000000002,22,22,3,16,6,1.8291329623652606,True,6.510490371328787,4.9100067721297975,308.68080820372575,12302.495868826041,39.8550721064153,8.110973970527777
A45C15S,Cc1ccc(/C=C2\N=C(/C=C/c3c[nH]cn3)SC2=O)c(F)c1,1184.1370000000002,0.8811,none,58.11,3,3.583420000000002,313.3570000000001,1,4,86.76870000000002,22,22,3,16,6,1.8291329623652606,True,6.510490371328787,4.9100067721297975,308.68080820372575,12302.495868826041,39.8550721064153,8.110973970527777
A28C14S,COc1cc(/C=C2\N=C(c3ccnc4ccccc34)SC2=O)cc(OC)c1OC,875.0182199999999,0.5879,Lipinski,70.01,5,4.321700000000003,406.4630000000002,0,7,114.95300000000003,29,29,4,22,7,1.1757774499746374,True,6.156421164593884,4.202540529375886,697.5556093327743,62727.71542826327,89.92503907790744,8.110301799811882
A28C3S,COc1cc(/C=C2\N=C(c3cnc4ccccc4c3)SC2=O)cc(OC)c1OC,270.65142999999995,0.5879,Lipinski,70.01,5,4.321700000000003,406.4630000000002,0,7,114.95300000000003,29,29,4,22,7,1.1757774499746374,True,6.156421164593884,4.202540529375886,697.5556093327743,62727.71542826327,89.92503907790744,8.110301799811882
A31C14S,COc1cc(OC)c(OC)cc1/C=C1\N=C(c2ccnc3ccccc23)SC1=O,876.98024,0.5879,Lipinski,70.00999999999999,5,4.321700000000003,406.46300000000014,0,7,114.95300000000002,29,29,4,22,7,1.1757774499746376,True,6.156421164593884,4.202540529375886,697.5556093327743,62727.71542826327,89.92503907790744,8.110301799811882
A31C3S,COc1cc(OC)c(OC)cc1/C=C1\N=C(c2cnc3ccccc3c2)SC1=O,272.61344999999994,0.5879,Lipinski,70.00999999999999,5,4.3217000000000025,406.46300000000014,0,7,114.953,29,29,4,22,7,1.1757774499746374,True,6.156421164593884,4.202540529375886,697.5556093327743,62727.71542826327,89.92503907790744,8.110301799811882
A40C14S,COc1ccc(/C=C2\N=C(c3ccnc4ccccc34)SC2=O)c(OC)c1OC,869.13216,0.5879,Lipinski,70.01,5,4.321700000000003,406.46300000000025,0,7,114.95300000000005,29,29,4,22,7,1.1757774499746376,True,6.156421164593884,4.202540529375886,697.5556093327743,62727.71542826327,89.92503907790744,8.110301799811882
A40C3S,COc1ccc(/C=C2\N=C(c3cnc4ccccc4c3)SC2=O)c(OC)c1OC,264.76536999999996,0.5879,Lipinski,70.01,5,4.321700000000003,406.4630000000002,0,7,114.95300000000003,29,29,4,22,7,1.1757774499746374,True,6.156421164593884,4.202540529375886,697.5556093327743,62727.71542826327,89.92503907790744,8.110301799811882
A2C4S,COc1ccc(Br)c(C2=N/C(=C\c3cccs3)C(=O)S2)c1,279.15292,0.732,Lipinski,38.66,3,4.580300000000002,380.28800000000007,0,5,92.12500000000001,21,21,3,15,6,2.0347899017860036,True,6.723359884568537,5.345313266209388,189.07761495608318,4515.301282178023,23.880676108733372,8.101406502927686
A65C4S,COc1ccc(Br)c(C2=N/C(=C\c3ccsc3)C(=O)S2)c1,260.08691,0.732,Lipinski,38.66,3,4.580300000000002,380.28800000000007,0,5,92.12500000000001,21,21,3,15,6,2.0347899017860036,True,6.723359884568537,5.345313266209388,189.07761495608318,4515.301282178023,23.880676108733372,8.101406502927686
A2C32S,COc1ccc(C2=N/C(=C\c3cccs3)C(=O)S2)c(Br)c1,327.67237,0.732,Lipinski,38.66,3,4.580300000000002,380.288,0,5,92.12500000000003,21,21,3,15,6,2.0347899017860036,True,6.723359884568537,5.345313266209388,189.07761495608318,4515.301282178023,23.880676108733372,8.101406502927686
A65C32S,COc1ccc(C2=N/C(=C\c3ccsc3)C(=O)S2)c(Br)c1,308.60636,0.732,Lipinski,38.66,3,4.580300000000002,380.288,0,5,92.12500000000003,21,21,3,15,6,2.0347899017860036,True,6.723359884568537,5.345313266209388,189.07761495608318,4515.301282178023,23.880676108733372,8.101406502927686
A14C18S,O=C1SC(CNC(=O)C(F)(F)F)=N/C1=C\c1cc2ccccc2o1,485.4855999999999,0.86,none,71.67,3,3.124100000000001,354.309,1,5,83.2887,24,24,3,15,9,1.6420496497247452,True,6.535433054102077,4.976405835686527,291.4519369303435,10558.30404967604,36.22657018813862,8.094460272517626
A104C20S,O=C1SC(c2cccs2)=N/C1=C\c1cccc(-c2ccccn2)c1,6151.521920000001,0.6342,Lipinski,42.32,3,4.8712000000000035,348.45200000000006,0,5,101.104,24,24,4,19,5,1.7925270242932614,True,6.604998636627129,5.1510359007404265,248.3140900562989,7062.591692818388,28.442170523698938,8.058961372513831
A104C19S,O=C1SC(c2ccsc2)=N/C1=C\c1cccc(-c2ccccn2)c1,6163.055600000001,0.6342,Lipinski,42.32,3,4.8712000000000035,348.45200000000006,0,5,101.104,24,24,4,19,5,1.7925270242932614,True,6.604998636627129,5.1510359007404265,248.3140900562989,7062.591692818388,28.442170523698938,8.058961372513831
A50C4S,COc1ccc(Br)c(C2=N/C(=C\C3CCCCC3)C(=O)S2)c1,282.53119,0.6974,Lipinski,38.66,3,4.941900000000003,380.3070000000002,0,4,94.48700000000002,22,22,3,17,5,2.0034982542954802,True,6.762563819654019,5.466184357476213,172.7572094816865,3418.3430346662344,19.78697760239409,8.058943281831827
A50C32S,COc1ccc(C2=N/C(=C\C3CCCCC3)C(=O)S2)c(Br)c1,331.05064,0.6974,Lipinski,38.66,3,4.941900000000004,380.30699999999996,0,4,94.48700000000002,22,22,3,17,5,2.0034982542954807,True,6.762563819654019,5.466184357476213,172.7572094816865,3418.3430346662344,19.78697760239409,8.058943281831827
A76C27S,COc1cc(/C=C2\N=C(c3ccccn3)SC2=O)ccc1O,158.77957999999995,0.8824,none,71.78,3,2.8569000000000018,312.3500000000001,1,6,86.00780000000002,22,22,3,16,6,1.880789442875287,True,6.589015970903959,5.140480440011667,257.6226416169046,7236.349930081342,28.088951672353744,8.037551501796251
A76C39S,COc1cc(/C=C2\N=C(c3cccnc3)SC2=O)ccc1O,136.6196,0.8824,none,71.78,3,2.8569000000000018,312.3500000000001,1,6,86.00780000000002,22,22,3,16,6,1.880789442875287,True,6.589015970903959,5.140480440011667,257.6226416169046,7236.349930081342,28.088951672353744,8.037551501796251
A76C21S,COc1cc(/C=C2\N=C(c3ccncc3)SC2=O)ccc1O,136.6196,0.8824,none,71.78,3,2.8569000000000018,312.3500000000001,1,6,86.00780000000002,22,22,3,16,6,1.880789442875287,True,6.589015970903959,5.140480440011667,257.6226416169046,7236.349930081342,28.088951672353744,8.037551501796251
A104C10S,O=C1SC(c2ccccc2)=N/C1=C\c1cccc(-c2ccccn2)c1,6148.748580000001,0.6416,Lipinski,42.32,3,4.809700000000004,342.42300000000006,0,4,103.227,25,25,4,21,4,1.9141948513117675,True,6.5561689161702,5.0804321818710605,277.86323255903665,8309.36465127407,29.904513003564112,8.031905650469339
A39C15S,O=C1SC(/C=C/c2c[nH]cn2)=N/C1=C\c1nc2ccccc2[nH]1,1301.21564,0.726,none,86.78999999999999,3,3.012200000000001,321.365,2,5,91.7254,23,23,4,16,7,1.7114147804443127,True,6.7427835310546484,5.460983681349851,180.8075115094156,3459.5237677033315,19.133739183856726,8.024583380759445
A70C23S,O=C1SC(Cc2ccc(Br)cc2)=N/C1=C\c1cnc2ccccc2n1,4062.921159999999,0.5903,Lipinski,55.21,3,4.647800000000003,410.2960000000001,0,5,105.394,25,25,4,19,6,1.4205293932002516,True,6.347735788151259,4.726275374808997,449.01847634501416,18781.25568712769,41.827356058944574,7.969196201493521
A71C18S,O=C1SC(CNC(=O)C(F)(F)F)=N/C1=C\c1ccc2ccccc2c1,260.80067999999994,0.848,none,58.53,3,3.5311000000000012,364.348,1,4,91.0227,25,25,3,17,8,1.3119883018341043,True,6.4538698589630155,4.940588024018965,351.6658052013284,11466.001017574376,32.60482210094354,7.967151693907066
A79C18S,O=C1SC(CNC(=O)C(F)(F)F)=N/C1=C\c1cccc2ccccc12,235.8112399999999,0.848,none,58.53,3,3.5311000000000012,364.348,1,4,91.0227,25,25,3,17,8,1.3119883018341043,True,6.4538698589630155,4.940588024018965,351.6658052013284,11466.001017574376,32.60482210094354,7.967151693907066
A70C29S,O=C1SC(c2ccco2)=N/C1=C\c1cnc2ccccc2n1,4029.008719999999,0.6796,none,68.35,2,3.283900000000002,307.334,0,6,85.358,22,22,4,16,6,2.140088203979344,True,5.962536311427573,3.9810764037628945,1090.093345704639,104453.64417647276,95.82082542569204,7.94399621909225
A89C27S,C=C(C)/C=C1\N=C(c2ccccn2)SC1=O,182.01207,0.7332,Ghose,42.32,2,2.5616000000000003,230.292,0,4,66.26900000000002,16,16,2,12,4,3.7457983474969456,True,6.548518669047682,5.182137620087118,282.80125404589495,6574.494704657885,23.247756544922996,7.914899718008246
A89C39S,C=C(C)/C=C1\N=C(c2cccnc2)SC1=O,159.85208999999998,0.7332,Ghose,42.32,2,2.5616000000000003,230.292,0,4,66.26900000000002,16,16,2,12,4,3.7457983474969456,True,6.548518669047682,5.182137620087118,282.80125404589495,6574.494704657885,23.247756544922996,7.914899718008246
A89C21S,C=C(C)/C=C1\N=C(c2ccncc2)SC1=O,159.85208999999998,0.7332,Ghose,42.32,2,2.5616000000000003,230.292,0,4,66.26900000000002,16,16,2,12,4,3.7457983474969456,True,6.548518669047682,5.182137620087118,282.80125404589495,6574.494704657885,23.247756544922996,7.914899718008246
A97C35S,Cc1ccccc1C1=N/C(=C\c2ccc(C#N)cc2)C(=O)S1,181.06176,0.7899,none,53.22,2,3.927800000000002,304.3740000000001,0,4,89.44800000000004,22,22,3,18,4,2.2453831033478644,True,6.254447239726711,4.609960119494807,556.6122502006798,24549.34337675503,44.104928283385895,7.8989343599586155
A23C4S,COc1ccc(Br)c(C2=N/C(=C\c3ccc(O)cc3O)C(=O)S2)c1,316.40860999999995,0.7557,none,79.12,3,3.9300000000000015,406.2570000000001,2,6,97.5776,24,24,3,17,7,1.2673083605568845,True,6.597861790499524,5.300335770574134,252.42839706178395,5007.998953224784,19.83928516568219,7.895387810424913
A23C32S,COc1ccc(C2=N/C(=C\c3ccc(O)cc3O)C(=O)S2)c(Br)c1,364.92806,0.7557,none,79.12,3,3.9300000000000015,406.25700000000006,2,6,97.57760000000002,24,24,3,17,7,1.2673083605568842,True,6.597861790499524,5.300335770574134,252.42839706178395,5007.998953224784,19.83928516568219,7.895387810424913
A91C11S,CC(C)(C)C1=N/C(=C\c2cnccn2)C(=O)S1,1537.9511799999996,0.7155,Ghose,55.21,1,2.5355000000000008,247.323,0,5,69.49700000000003,17,17,2,12,5,3.5644009674714487,True,6.3468883532613125,4.799603322076914,449.8954974153497,15863.414709275152,35.260221096700214,7.894173384445711
A92C30S,O=C1SC(Cc2ccc(F)cc2)=N/C1=C\c1ccc2ccccc2n1,351.24024,0.6482,Lipinski,42.32,3,4.629400000000003,348.40200000000004,0,4,99.857,25,25,4,20,5,1.7347995354584058,True,6.589433293552157,5.297307963418424,257.37520553630895,5043.035630452807,19.59410044935881,7.8815586236858906
A42C30S,O=C1SC(Cc2ccc(F)cc2)=N/C1=C\c1cccc2cccnc12,634.1498399999999,0.6482,Lipinski,42.32,3,4.629400000000003,348.40200000000004,0,4,99.85700000000001,25,25,4,20,5,1.7347995354584056,True,6.589433293552157,5.297307963418424,257.37520553630895,5043.035630452807,19.59410044935881,7.8815586236858906
A39C28S,Cc1c(C)c2c(c(C)c1O)CCC(C)(C1=N/C(=C\c3nc4ccccc4[nH]3)C(=O)S1)O2,1846.2043999999996,0.5561,Lipinski,87.57000000000001,2,4.990460000000005,433.5330000000001,2,6,123.77550000000001,31,31,5,24,7,2.118358760413257,True,6.100640185408972,4.325416388937937,793.1581928446429,47269.783267476,59.596917353830825,7.875863981880007
A76C37S,COc1cc(/C=C2\N=C(C34CC5CC(CC(C5)C3)C4)SC2=O)ccc1O,168.30956999999995,0.7894,Lipinski,58.89,3,4.630000000000005,369.486,1,5,103.27380000000004,26,26,6,21,5,2.460629191711743,True,6.475931097782912,5.079403956143113,334.2480653508426,8329.061020984198,24.918800987648563,7.87245823942271
A14C30S,O=C1SC(Cc2ccc(F)cc2)=N/C1=C\c1cc2ccccc2o1,402.4234,0.6431,Lipinski,42.57,3,4.8274000000000035,337.37500000000006,0,4,94.328,24,24,4,19,5,1.8683299228410508,True,6.503534061948272,5.139930994570888,313.6649111444995,7245.510754818416,23.099525950738386,7.8671371293256565
A67C4S,COc1ccc(Br)c(C2=N/C(=C\c3cccn3C)C(=O)S2)c1,406.92799,0.7635,none,43.59,3,3.857300000000003,377.2630000000001,0,5,93.21900000000001,22,22,3,16,6,1.8129171924660028,True,6.448453942634458,5.031471421983725,356.0787505424076,9300.977162526244,26.12056223056909,7.865436463285191
A67C32S,COc1ccc(C2=N/C(=C\c3cccn3C)C(=O)S2)c(Br)c1,455.44744,0.7635,none,43.59,3,3.857300000000002,377.26300000000003,0,5,93.21900000000004,22,22,3,16,6,1.8129171924660026,True,6.448453942634458,5.031471421983725,356.0787505424076,9300.977162526244,26.12056223056909,7.865436463285191
A81C17S,Cc1ccc(/C=C2\N=C(C(C)O)SC2=O)cc1,106.70534,0.8163,Ghose,49.660000000000004,2,2.3886200000000004,247.31900000000002,1,4,70.86980000000003,17,17,2,13,4,3.446439034144923,True,6.69436809939828,5.536040746574664,202.13052341593752,2910.4440402501937,14.398834926386542,7.852695452221895
A100C17S,Cc1cccc(/C=C2\N=C(C(C)O)SC2=O)c1,128.33252,0.8163,Ghose,49.660000000000004,2,2.3886200000000004,247.31900000000002,1,4,70.86980000000003,17,17,2,13,4,3.446439034144923,True,6.69436809939828,5.536040746574664,202.13052341593752,2910.4440402501937,14.398834926386542,7.852695452221895
A57C17S,Cc1ccccc1/C=C1\N=C(C(C)O)SC1=O,106.70534,0.8163,Ghose,49.660000000000004,2,2.388620000000001,247.319,1,4,70.86980000000001,17,17,2,13,4,3.4464390341449236,True,6.69436809939828,5.536040746574664,202.13052341593752,2910.4440402501937,14.398834926386542,7.852695452221895
A91C30S,O=C1SC(Cc2ccc(F)cc2)=N/C1=C\c1cnccn1,1561.8743999999997,0.8178,none,55.21,3,2.871200000000001,299.33,0,5,80.146,21,21,3,15,6,2.2559243844936443,True,6.406199788708089,4.9629251402812,392.4643482942281,10891.178093417147,27.750745107813202,7.849474437134978
A6C9S,COc1cc(/C=C2\N=C(c3ccc[nH]3)SC2=O)cc(OC)c1,153.10096,0.8809,none,63.67999999999999,4,3.093000000000001,314.3660000000001,1,5,87.45070000000003,22,22,3,16,6,1.7163933695324625,True,6.510613051643417,5.178099907962272,308.59362378833293,6635.903961372815,21.503697581011718,7.843126195324562
A30C9S,COc1ccc(/C=C2\N=C(c3ccc[nH]3)SC2=O)c(OC)c1,191.32143999999997,0.8809,none,63.67999999999999,4,3.093000000000001,314.3660000000001,1,5,87.45070000000003,22,22,3,16,6,1.7163933695324625,True,6.510613051643417,5.178099907962272,308.59362378833293,6635.903961372815,21.503697581011718,7.843126195324562
A21C9S,COc1ccc(/C=C2\N=C(c3ccc[nH]3)SC2=O)cc1OC,153.10096,0.8809,none,63.67999999999999,4,3.093000000000001,314.3660000000001,1,5,87.45070000000003,22,22,3,16,6,1.7163933695324625,True,6.510613051643417,5.178099907962272,308.59362378833293,6635.903961372815,21.503697581011718,7.843126195324562
A34C7S,COc1ccc(C2=N/C(=C\c3ccc[nH]3)C(=O)S2)cc1OC,310.13692999999995,0.8809,none,63.67999999999999,4,3.093000000000001,314.3660000000001,1,5,87.45070000000003,22,22,3,16,6,1.7163933695324625,True,6.510613051643417,5.178099907962272,308.59362378833293,6635.903961372815,21.503697581011718,7.843126195324562
A29C9S,COc1cccc(/C=C2\N=C(c3ccc[nH]3)SC2=O)c1OC,186.33615999999995,0.8809,none,63.67999999999999,4,3.093000000000001,314.3660000000001,1,5,87.45070000000003,22,22,3,16,6,1.7163933695324625,True,6.510613051643417,5.178099907962272,308.59362378833293,6635.903961372815,21.503697581011718,7.843126195324562
A14C5S,COc1ccc(CC2=N/C(=C\c3cc4ccccc4o3)C(=O)S2)cc1,407.95996,0.6409,Lipinski,51.800000000000004,4,4.696900000000003,349.4110000000001,0,5,100.92200000000003,25,25,4,20,5,1.5153254289602278,True,6.352434732123613,4.870605583779042,444.1864108330826,13470.831885456562,30.326978846992827,7.834263880468184
A50C7S,COc1ccc(C2=N/C(=C\C3CCCCC3)C(=O)S2)cc1OC,207.35584,0.7763,Lipinski,47.89,4,4.188000000000003,331.437,0,5,93.33900000000004,23,23,3,18,5,1.70104754536793,True,6.354203363210105,4.875568829118723,442.38117396154604,13317.759592035,30.10471596875107,7.832837897301486
A70C30S,O=C1SC(Cc2ccc(F)cc2)=N/C1=C\c1cnc2ccccc2n1,4034.904399999999,0.6702,none,55.21,3,4.024400000000003,349.39000000000004,0,5,97.652,25,25,4,19,6,1.4547715459026935,True,6.239968827526289,4.660754884773414,575.4812423291573,21839.62189410431,37.9501889683013,7.819182770279163
A83C29S,COc1ccc(/C=C/C=C2\N=C(c3ccco3)SC2=O)cc1,237.19671999999997,0.8035,none,51.800000000000004,4,3.9055000000000026,311.362,0,5,87.95400000000001,22,22,3,17,5,1.8885083281910573,True,6.2941766529042935,4.770160901651734,507.95278649957385,16976.14587142789,33.42071610319265,7.818192404156853
A68C29S,COc1ccccc1/C=C/C=C1\N=C(c2ccco2)SC1=O,177.18715999999998,0.8035,none,51.800000000000004,4,3.9055000000000017,311.362,0,5,87.95400000000002,22,22,3,17,5,1.8885083281910573,True,6.2941766529042935,4.770160901651734,507.95278649957385,16976.14587142789,33.42071610319265,7.818192404156853
